{"cameraMode":{"drawMode":0,"name":"Shaded","section":"Shading Mode"},"sceneLighting":true,"audioPlay":false,"sceneViewState":{"m_AlwaysRefresh":false,"showFog":true,"showSkybox":true,"showFlares":true,"showImageEffects":true,"showParticleSystems":true,"showVisualEffectGraphs":true,"m_FxEnabled":true},"in2DMode":false,"pivot":{"x":-0.3504522740840912,"y":-0.2221146821975708,"z":-2.2470450401306154},"rotation":{"x":-0.0022272190544754268,"y":0.9855855107307434,"z":-0.16867519915103913,"w":-0.013014471158385277},"size":3.5270915031433107,"orthographic":false}