{"cameraMode":{"drawMode":0,"name":"Shaded","section":"Shading Mode"},"sceneLighting":true,"audioPlay":false,"sceneViewState":{"m_AlwaysRefresh":false,"showFog":true,"showSkybox":true,"showFlares":true,"showImageEffects":true,"showParticleSystems":true,"showVisualEffectGraphs":true,"m_FxEnabled":true},"in2DMode":false,"pivot":{"x":49.59953689575195,"y":-62.05881881713867,"z":41.6402587890625},"rotation":{"x":-0.4622218906879425,"y":-0.0053998990915715698,"z":0.002821223810315132,"w":-0.8867619037628174},"size":41.532100677490237,"orthographic":false}