{"cameraMode":{"drawMode":0,"name":"Shaded","section":"Shading Mode"},"sceneLighting":true,"audioPlay":false,"sceneViewState":{"m_AlwaysRefresh":false,"showFog":true,"showSkybox":true,"showFlares":true,"showImageEffects":true,"showParticleSystems":true,"showVisualEffectGraphs":true,"m_FxEnabled":true},"in2DMode":false,"pivot":{"x":-2.202585458755493,"y":0.21891021728515626,"z":5.5188212394714359},"rotation":{"x":-0.20275048911571504,"y":0.2330341339111328,"z":-0.04974495619535446,"w":-0.9498031735420227},"size":8.450833320617676,"orthographic":false}