{"cameraMode":{"drawMode":0,"name":"Shaded","section":"Shading Mode"},"sceneLighting":true,"audioPlay":false,"sceneViewState":{"m_AlwaysRefresh":false,"showFog":true,"showSkybox":true,"showFlares":true,"showImageEffects":true,"showParticleSystems":true,"showVisualEffectGraphs":true,"m_FxEnabled":true},"in2DMode":false,"pivot":{"x":18.760089874267579,"y":1.0879285335540772,"z":-0.8903813362121582},"rotation":{"x":0.242601215839386,"y":0.13481128215789796,"z":-0.03406403213739395,"w":0.9601099491119385},"size":11.413820266723633,"orthographic":false}