{"cameraMode":{"drawMode":0,"name":"Shaded","section":"Shading Mode"},"sceneLighting":true,"audioPlay":false,"sceneViewState":{"m_AlwaysRefresh":false,"showFog":true,"showSkybox":true,"showFlares":true,"showImageEffects":true,"showParticleSystems":true,"showVisualEffectGraphs":true,"m_FxEnabled":true},"in2DMode":false,"pivot":{"x":-24.87128257751465,"y":2.8869638442993166,"z":1.0764248371124268},"rotation":{"x":0.4443891644477844,"y":0.03223336115479469,"z":-0.016002004966139795,"w":0.895119845867157},"size":3.4484097957611086,"orthographic":false}